{"startupView":{"theta0":0,"phi0":1.5707963267948966,"gamma":0},"allHotspots":[{"theta":0.05209204979875586,"phi":1.776134825767834,"text":"Go inside","redirect":"?image=Goinside"}]}